chrom	chromStart	chromEnd	name	pTriplo
chr1	1716728	1822495	GNB1	1.0
chr1	1981908	2116834	PRKCZ	0.94
chr1	6161852	6240183	CHD5	0.99
chr1	6845383	7829766	CAMTA1	1.0
chr1	8412456	8877702	RERE	0.98
chr1	9294833	9331396	H6PD	0.95
chr1	9352938	9429591	SPSB1	1.0
chr1	10092889	10241297	UBE4B	1.0
chr1	10270862	10441661	KIF1B	1.0
chr1	11114640	11120081	SRM	0.94
chr1	11166591	11322564	MTOR	1.0
chr1	15943994	15995539	DDI2	0.96
chr1	16174358	16266955	SPEN	1.0
chr1	16268363	16302627	ZBTB17	0.96
chr1	17733255	17766220	RCC2	0.96
chr1	18957499	19075360	PAX7	0.99
chr1	19400999	19536770	UBR4	0.99
chr1	19923472	19984549	MINOS1-NBL1	0.96
chr1	19967047	19984945	NBL1	0.98
chr1	21069153	21113816	HP1BP3	0.97
chr1	21132962	21503377	EIF4G3	0.99
chr1	22004790	22110099	USP48	0.94
chr1	22379119	22419437	CDC42	1.0
chr1	23345940	23410182	KDM1A	1.0
chr1	23630263	23670829	HNRNPR	1.0
chr1	25757387	25826700	TMEM57	0.98
chr1	27022523	27108595	ARID1A	1.0
chr1	27226728	27273353	NUDC	0.94
chr1	27561006	27635110	WDTC1	0.98
chr1	28157288	28178187	PPP1R8	1.0
chr1	28525966	28559536	DNAJC8	0.96
chr1	28527069	28527419	AL353354.2	0.98
chr1	28995243	29045865	GMEB1	0.97
chr1	31404352	31538838	PUM1	1.0
chr1	32479429	32526451	KHDRBS1	0.99
chr1	32573638	32642169	KPNA6	1.0
chr1	32645286	32663886	TXLNA	0.97
chr1	32687528	32697205	EIF3I	0.98
chr1	32757686	32799236	HDAC1	1.0
chr1	33116742	33151812	RBBP4	1.0
chr1	33722145	33766320	ZNF362	1.0
chr1	35331036	35395186	DLGAP3	0.95
chr1	35734567	35887659	ZMYM4	1.0
chr1	36023073	36032875	NCDN	0.99
chr1	36273772	36323491	AGO4	0.98
chr1	36335408	36395211	AGO1	1.0
chr1	36396318	36538101	AGO3	1.0
chr1	36690016	36770958	THRAP3	1.0
chr1	37261127	37499730	GRIK3	0.98
chr1	38275238	38325292	MTF1	0.94
chr1	38422646	38456593	SF3A3	0.94
chr1	38509522	38512450	POU3F1	0.98
chr1	39303869	39325495	RRAGC	0.99
chr1	39546987	39952849	MACF1	0.98
chr1	40026487	40042462	PABPC4	0.99
chr1	40627044	40706593	RLF	0.95
chr1	41157319	41237275	NFYC	1.0
chr1	41249683	41306124	KCNQ4	0.94
chr1	44115828	44171186	KDM4A	1.0
chr1	44412610	44433694	IPO13	1.0
chr1	44686741	44820932	ERI3	0.96
chr1	45792544	45794347	HPDL	0.99
chr1	45794834	45806142	MUTYH	0.95
chr1	45805341	45809647	TOE1	0.98
chr1	46049517	46084566	NASP	0.95
chr1	46726867	46769280	LRRC41	0.95
chr1	50513685	50669458	ELAVL4	0.99
chr1	50883221	50889172	DMRTA2	0.99
chr1	52608045	52812358	ZFYVE9	0.97
chr1	52873953	53019159	ZCCHC11	0.98
chr1	53192125	53293014	ZYG11B	0.98
chr1	53692563	53704282	MAGOH	0.94
chr1	55532031	55680786	USP24	1.0
chr1	57460450	59012406	DAB1	0.94
chr1	61330930	61928465	NFIA	0.98
chr1	64058946	64125916	PGM1	0.97
chr1	64239692	64647181	ROR1	0.98
chr1	65298911	65432187	JAK1	0.99
chr1	66258196	66840259	PDE4B	0.97
chr1	78028100	78149104	ZZZ3	0.98
chr1	90098698	90398809	RP11-302M6.4	0.94
chr1	90286572	90402170	LRRC8D	1.0
chr1	91177095	91182794	BARHL2	1.0
chr1	92711958	92764544	GLMN	0.96
chr1	92764521	92867613	RPAP2	0.98
chr1	93544791	93604638	MTF2	0.97
chr1	101337942	101361554	EXTL2	0.95
chr1	101702443	101707074	S1PR1	1.0
chr1	109822177	109825808	PSRC1	0.96
chr1	109834986	109849663	MYBPHL	0.95
chr1	109941652	109969062	PSMA5	1.0
chr1	110527307	110566357	AHCYL1	1.0
chr1	111136201	111174096	KCNA2	1.0
chr1	112313283	112531777	KCND3	1.0
chr1	113933370	114228545	MAGI3	0.98
chr1	114471813	114520426	HIPK1	1.0
chr1	114935398	115053781	TRIM33	1.0
chr1	115247089	115259515	NRAS	1.0
chr1	115259533	115301297	CSDE1	0.98
chr1	116915289	116952883	ATP1A1	1.0
chr1	117910070	118071494	MAN1A2	1.0
chr1	118148555	118170994	FAM46C	0.98
chr1	118496483	118727846	SPAG17	0.96
chr1	119425668	119532179	TBX15	1.0
chr1	119573838	119683294	WARS2	0.98
chr1	119911401	119936753	HAO2	0.96
chr1	120049820	120057681	HSD3B1	0.96
chr1	120162044	120190396	ZNF697	0.99
chr1	120202420	120286838	PHGDH	0.99
chr1	120290618	120311528	HMGCS2	1.0
chr1	120336640	120354283	REG4	0.95
chr1	120436155	120439118	ADAM30	0.97
chr1	145575232	145586546	PIAS3	0.99
chr1	149895208	149900236	SF3B4	1.0
chr1	150190716	150208504	ANP32E	0.94
chr1	150237803	150241980	APH1A	0.99
chr1	150293924	150325671	PRPF3	1.0
chr1	150335566	150449042	RPRD2	0.97
chr1	150782180	150849244	ARNT	0.97
chr1	150898738	150937213	SETDB1	1.0
chr1	151227178	151239955	PSMD4	0.99
chr1	151254093	151264656	ZNF687	0.99
chr1	151264272	151300191	PI4KB	1.0
chr1	151375199	151431941	POGZ	0.98
chr1	151584540	151671567	SNX27	0.94
chr1	151674879	151689290	CELF3	0.97
chr1	152635871	152637135	LCE2D	0.96
chr1	152647770	152659877	LCE2B	0.95
chr1	152670839	152671918	LCE2A	0.97
chr1	152730505	152734529	KPRP	1.0
chr1	152748847	152749445	LCE1F	0.97
chr1	153190059	153191793	PRR9	0.96
chr1	153232175	153234598	LOR	1.0
chr1	153270337	153283194	PGLYRP3	0.94
chr1	153634511	153643524	ILF2	0.99
chr1	153651112	153666468	NPR1	0.96
chr1	153700542	153746555	INTS3	1.0
chr1	153777200	153895451	GATAD2B	1.0
chr1	154192654	154243986	UBAP2L	1.0
chr1	154521052	154531504	UBE2Q1	1.0
chr1	154669930	154842756	KCNN3	0.96
chr1	155232658	155248282	CLK2	1.0
chr1	155305058	155532598	ASH1L	0.98
chr1	155867598	155881195	RIT1	0.99
chr1	155882833	155904191	KIAA0907	0.94
chr1	155916629	155976861	ARHGEF2	0.99
chr1	156005091	156023585	UBQLN4	1.0
chr1	156219014	156252620	SMG5	0.96
chr1	156278758	156337664	CCT3	0.96
chr1	156433518	156470620	MEF2D	0.96
chr1	156904631	157015162	ARHGEF11	0.98
chr1	157090982	157108266	ETV3	0.94
chr1	160051359	160060353	KCNJ9	0.94
chr1	160185504	160254920	DCAF8	1.0
chr1	160259062	160313190	COPA	1.0
chr1	160313061	160328742	NCSTN	0.97
chr1	161009040	161015767	USF1	0.94
chr1	161090763	161102478	DEDD	0.99
chr1	161129239	161135513	USP21	0.98
chr1	162601162	162757190	DDR2	0.96
chr1	164524820	164868533	PBX1	0.99
chr1	166808680	166825581	POGK	0.97
chr1	167190065	167396582	POU2F1	0.96
chr1	171810620	172387606	DNM3	0.94
chr1	173900351	173991435	RC3H1	0.95
chr1	179068461	179198819	ABL2	0.95
chr1	181382237	181777219	CACNA1E	1.0
chr1	182808503	182856886	DHX9	1.0
chr1	183217371	183387737	NMNAT2	0.97
chr1	193091146	193223031	CDC73	0.95
chr1	201798268	201853422	IPO9	1.0
chr1	202102531	202113869	ARL8A	0.97
chr1	202909950	202927700	ADIPOR1	0.94
chr1	203764781	203823252	ZC3H11A	0.99
chr1	204485510	204542871	MDM4	0.94
chr1	205055269	205091143	RBBP5	1.0
chr1	205681946	205719404	NUCKS1	0.95
chr1	205882175	205912588	SLC26A9	0.95
chr1	206516199	206637783	SRGAP2	0.98
chr1	210856554	211307457	KCNH1	1.0
chr1	214156523	214214595	PROX1	0.99
chr1	218519576	218617961	TGFB2	0.99
chr1	220701567	220837803	MARK1	0.98
chr1	223967600	224033674	TP53BP2	0.94
chr1	224572844	224624735	WDR26	1.0
chr1	225674536	225840844	ENAH	0.96
chr1	226418849	226497570	LIN9	0.95
chr1	227177565	227506175	CDC42BPA	1.0
chr1	228270360	228286912	ARF1	0.97
chr1	228337552	228347527	GJC2	0.95
chr1	237205504	237997288	RYR2	1.0
chr1	243651534	244014381	AKT3	1.0
chr2	38813	46870	FAM110C	0.95
chr2	7057522	7208417	RNF144A	0.99
chr2	9724100	9771143	YWHAQ	0.97
chr2	10085340	10142411	GRHL1	1.0
chr2	10182975	10194963	KLF11	0.97
chr2	10196906	10221071	CYS1	0.98
chr2	10861774	10925236	ATP6V1C2	0.96
chr2	11319886	11488456	ROCK2	0.99
chr2	11584500	11606297	E2F6	0.94
chr2	15731301	15771235	DDX1	1.0
chr2	23971533	24149984	ATAD2B	0.98
chr2	24714782	24993571	NCOA1	0.98
chr2	25455844	25565459	DNMT3A	0.99
chr2	26256975	26360323	RAB10	0.98
chr2	26915618	26956288	KCNK3	0.95
chr2	27070614	27173219	DPYSL5	0.99
chr2	27193479	27250064	MAPRE3	0.98
chr2	27440257	27466811	CAD	1.0
chr2	27548715	27579868	GTF3C2	0.97
chr2	27587218	27593353	EIF2B4	0.98
chr2	27604060	27632554	PPM1G	0.99
chr2	27650656	27665126	NRBP1	0.98
chr2	27805896	27858041	ZNF512	0.97
chr2	28974505	29025806	PPP1CB	1.0
chr2	32090128	32236299	MEMO1	0.94
chr2	39208536	39351486	SOS1	1.0
chr2	42275159	42285668	PKDCC	0.98
chr2	44395107	44471523	PPM1B	1.0
chr2	45168901	45173216	SIX3	1.0
chr2	45878483	46415129	PRKCE	0.95
chr2	47743719	47798078	KCNK12	0.99
chr2	48016454	48132932	FBXO11	1.0
chr2	54683421	54896812	SPTBN1	1.0
chr2	60678301	60780702	BCL11A	0.95
chr2	61704983	61765761	XPO1	1.0
chr2	63277191	63284971	OTX1	0.96
chr2	66660583	66801001	MEIS1	0.97
chr2	72356366	72375167	CYP26B1	0.97
chr2	73460547	73480149	CCT7	0.97
chr2	74710199	74722013	TTC31	0.98
chr2	74724643	74730443	LBX2	0.96
chr2	74732169	74735707	PCGF1	1.0
chr2	74740589	74744274	TLX2	1.0
chr2	74745257	74753463	DQX1	1.0
chr2	74753771	74757066	AUP1	1.0
chr2	74756503	74760472	HTRA2	1.0
chr2	74759540	74782817	LOXL3	0.99
chr2	74785009	74875465	M1AP	0.99
chr2	85198215	85286595	KCMF1	0.98
chr2	85766287	85772403	MAT2A	1.0
chr2	86667769	86719839	KDM3A	0.96
chr2	86730553	86948245	CHMP3	0.99
chr2	86732790	86948245	RNF103-CHMP3	0.98
chr2	86830515	86850989	RNF103	0.98
chr2	96940073	96971297	SNRNP200	1.0
chr2	97258906	97308524	KANSL3	0.97
chr2	97525452	97536494	SEMA4C	0.96
chr2	99953815	100017789	EIF5B	0.99
chr2	100016937	100106497	REV1	0.96
chr2	102313311	102511149	MAP4K4	0.99
chr2	105471968	105476929	POU3F3	1.0
chr2	110300558	110371783	SEPT10	0.98
chr2	119599746	119605254	EN1	1.0
chr2	122095351	122407163	CLASP1	0.96
chr2	128014865	128051752	ERCC3	0.99
chr2	128458595	128568761	WDR33	0.99
chr2	128619203	128643496	AMMECR1L	0.98
chr2	128698790	128785694	SAP130	0.94
chr2	135675804	135716912	CCNT2	0.94
chr2	145141647	145282147	ZEB2	0.96
chr2	149402008	149545130	EPC2	0.98
chr2	152973314	153032506	STAM2	0.95
chr2	155554810	155714863	KCNJ3	0.98
chr2	158592957	158732374	ACVR1	0.98
chr2	162272604	162282381	TBR1	0.99
chr2	163227916	163695240	KCNH7	0.99
chr2	164449905	164592522	FIGN	0.96
chr2	165944031	166060577	SCN3A	0.96
chr2	166095911	166248818	SCN2A	1.0
chr2	166845669	166984523	SCN1A	0.95
chr2	170440849	170497916	PPIG	0.96
chr2	171847332	172087824	TLK1	0.99
chr2	172949467	172954405	DLX1	0.97
chr2	172964166	172967628	DLX2	0.98
chr2	174771186	174830430	SP3	0.96
chr2	175199673	175203220	SP9	0.98
chr2	175936977	176033110	ATF2	0.98
chr2	177001339	177037830	HOXD3	0.97
chr2	178257371	178408564	AGPS	0.95
chr2	179966418	180129517	SESTD1	0.97
chr2	182537814	182545603	NEUROD1	0.95
chr2	191829083	191885686	STAT1	0.98
chr2	197059093	197458416	HECW2	1.0
chr2	198254507	198299815	SF3B1	1.0
chr2	198351304	198381461	HSPD1	0.99
chr2	198380294	198418423	MOB4	0.95
chr2	200134222	200335989	SATB2	0.98
chr2	201675316	201688569	BZW1	0.98
chr2	203241658	203432474	BMPR2	0.97
chr2	208394460	208468155	CREB1	0.99
chr2	219128849	219134980	AAMP	0.94
chr2	219433302	219461803	RQCD1	0.99
chr2	220074493	220094439	ATG9A	0.99
chr2	222282746	222438922	EPHA4	0.94
chr2	225334866	225450110	CUL3	1.0
chr2	231577559	231685790	CAB39	0.96
chr2	231921577	232037541	PSMD1	0.97
chr2	233414761	233448354	EIF4E2	0.98
chr2	237073878	237077012	GBX2	1.0
chr2	240981229	240982399	PRR21	0.98
chr2	241499470	241503431	DUSP28	0.97
chr2	242576627	242613272	ATG4B	0.98
chr2	242673993	242708231	D2HGDH	0.96
chr2	242749919	242758739	NEU4	0.97
chr3	4535031	4889524	ITPR1	0.94
chr3	5163904	5222596	ARL8B	0.98
chr3	8775485	8883492	CAV3	0.98
chr3	9439298	9520924	SETD5	0.96
chr3	9773412	9789702	BRPF1	1.0
chr3	10365706	10749716	ATP2B2	1.0
chr3	14989090	15095107	NR2C2	0.97
chr3	16844158	17132086	PLCL2	0.97
chr3	18386878	18487080	SATB1	0.95
chr3	24158650	24536773	THRB	0.99
chr3	25215822	25639423	RARB	1.0
chr3	25639474	25706398	TOP2B	0.98
chr3	31574129	31679112	STT3B	1.0
chr3	33429827	33482863	UBP1	0.96
chr3	38206579	38296979	OXSR1	0.94
chr3	38495341	38534633	ACVR2B	0.98
chr3	38589547	38691164	SCN5A	1.0
chr3	39093488	39138155	WDR48	0.98
chr3	41236327	41301587	CTNNB1	1.0
chr3	47057918	47205457	SETD2	0.99
chr3	47844398	47891685	DHX30	1.0
chr3	48725435	48777786	IP6K2	0.98
chr3	48956253	49023815	ARIH2	1.0
chr3	49061757	49066841	IMPDH2	0.99
chr3	49067139	49131796	QRICH1	1.0
chr3	49145478	49158371	USP19	1.0
chr3	49396577	49450431	RHOA	1.0
chr3	49506145	49573048	DAG1	0.97
chr3	49761726	49823975	IP6K1	0.98
chr3	50126340	50156454	RBM5	0.98
chr3	50400232	50541675	CACNA2D2	0.95
chr3	50712671	51421629	DOCK3	1.0
chr3	51433297	51534010	VPRBP	1.0
chr3	51575159	51702683	RAD54L2	1.0
chr3	52082934	52090566	DUSP7	0.96
chr3	52288436	52322036	WDR82	0.97
chr3	52435028	52444366	BAP1	0.98
chr3	52489133	52527087	NISCH	0.95
chr3	52579367	52719933	PBRM1	1.0
chr3	53190024	53226733	PRKCD	0.96
chr3	53528682	53847760	CACNA1D	0.98
chr3	57557089	57583947	ARF4	0.95
chr3	62355355	62359999	FEZF2	0.97
chr3	62384021	62861054	CADPS	0.94
chr3	71003843	71633140	FOXP1	0.95
chr3	113161564	113234034	SPICE1	0.96
chr3	113465865	113530903	ATP6V1A	0.96
chr3	114056940	114866118	ZBTB20	0.95
chr3	119540169	119813264	GSK3B	1.0
chr3	122140795	122233792	KPNA1	1.0
chr3	123001142	123168605	ADCY5	0.97
chr3	123798869	124445172	KALRN	1.0
chr3	124944404	125094198	ZNF148	0.97
chr3	127770483	127790526	SEC61A1	0.98
chr3	127783620	127872757	RUVBL1	0.95
chr3	128444964	128533639	RAB7A	0.95
chr3	128968448	128996614	COPG1	0.94
chr3	133543082	133614680	RAB6B	0.99
chr3	134316642	134979309	EPHB1	0.96
chr3	135867763	135916083	MSL2	0.98
chr3	136055076	136471220	STAG1	1.0
chr3	137483578	137484396	SOX14	0.99
chr3	141043054	141168634	ZBTB38	0.95
chr3	147111208	147228080	ZIC1	1.0
chr3	150803483	151154860	MED12L	0.97
chr3	160212782	160283376	KPNA4	0.99
chr3	170779127	171178197	TNIK	1.0
chr3	178865901	178957881	PIK3CA	0.99
chr3	183892476	183901879	AP2M1	0.99
chr3	184016496	184026842	PSMD2	0.95
chr3	184032282	184053146	EIF4G1	0.98
chr3	185764096	185828107	ETV5	0.99
chr3	189349204	189615068	TP63	1.0
chr3	190231839	190375843	IL1RAP	0.97
chr3	191857183	192485553	FGF12	1.0
chr3	193310932	193415612	OPA1	1.0
chr3	196074532	196159345	UBXN7	0.96
chr3	196466727	196559518	PAK2	0.99
chr3	197398263	197476598	KIAA0226	0.98
chr4	1205235	1243741	CTBP1	1.0
chr4	1283638	1333935	MAEA	0.99
chr4	1341053	1381837	UVSSA	0.95
chr4	1385339	1389780	CRIPAK	0.94
chr4	1396719	1400119	NKX1-1	1.0
chr4	1717678	1723085	TMEM129	0.94
chr4	1873150	1983934	WHSC1	0.99
chr4	2932287	2936586	MFSD10	0.95
chr4	2939659	2965112	NOP14	0.95
chr4	2965334	3042474	GRK4	0.94
chr4	3076407	3245676	HTT	1.0
chr4	3294754	3441640	RGS12	1.0
chr4	3443613	3451211	HGFAC	0.97
chr4	7043625	7059679	TADA2B	0.94
chr4	7940727	7942022	AC097381.1	0.97
chr4	24519063	24586173	DHX15	0.99
chr4	26165076	26436541	RBPJ	1.0
chr4	39289075	39367995	RFC1	0.94
chr4	39824482	39979576	PDS5A	1.0
chr4	41746098	41750987	PHOX2B	1.0
chr4	47937993	48018689	CNGA1	0.95
chr4	55944643	55991756	KDR	0.99
chr4	57843887	57897334	POLR2B	1.0
chr4	72053002	72437804	SLC4A4	0.95
chr4	76567965	76649709	G3BP2	0.94
chr4	78634540	78740769	CNOT6L	1.0
chr4	83955599	83996971	COPS4	0.96
chr4	84328495	84377009	HELQ	0.95
chr4	88224940	88244058	HSD17B13	0.95
chr4	99792834	99851788	EIF4E	0.96
chr4	101944565	102269435	PPP3CA	1.0
chr4	103422485	103538459	NFKB1	0.98
chr4	103715539	103790053	UBE2D3	0.98
chr4	106962755	107242652	TBCK	0.94
chr4	111538578	111563279	PITX2	1.0
chr4	113739264	114304896	ANK2	0.98
chr4	120133741	120216672	USP53	0.98
chr4	142944312	143768585	INPP4B	0.97
chr4	144434615	144478639	SMARCA5	1.0
chr4	146019083	146050331	ABCE1	0.98
chr4	146402345	146479231	SMAD1	0.99
chr4	148402068	148466106	EDNRA	1.0
chr4	151503076	151505843	MAB21L2	1.0
chr4	154073493	154260472	TRIM2	0.98
chr4	158125333	158287227	GRIA2	0.99
chr4	160025329	160281321	RAPGEF2	0.99
chr4	184020445	184241930	WWC2	0.99
chr4	184774583	184944679	STOX2	0.96
chr4	185009858	185142383	ENPP6	0.97
chr4	186125390	186291339	SNX25	0.97
chr4	186347393	186370980	C4orf47	0.94
chr5	2745958	2752969	IRX2	1.0
chr5	2752244	2755508	C5orf38	1.0
chr5	3596167	3601517	IRX1	1.0
chr5	6448735	6495022	UBE2QL1	1.0
chr5	6599351	6633404	NSUN2	0.99
chr5	6714717	6757161	PAPD7	1.0
chr5	10275986	10308138	CMBL	0.95
chr5	10353814	10440500	MARCH6	0.96
chr5	14143810	14532235	TRIO	0.94
chr5	14704909	14871887	ANKH	0.99
chr5	32124809	32174456	GOLPH3	1.0
chr5	32227099	32313115	MTMR12	0.99
chr5	32354455	32444867	ZFR	0.96
chr5	38938020	39074510	RICTOR	0.94
chr5	43065277	43192123	ZNF131	0.95
chr5	43289496	43313614	HMGCS1	0.96
chr5	45259348	45696253	HCN1	1.0
chr5	52776238	52782964	FST	0.98
chr5	58264864	59817947	PDE4D	1.0
chr5	60628099	60841997	ZSWIM6	0.95
chr5	67511547	67597649	PIK3R1	1.0
chr5	71403060	71505395	MAP1B	0.99
chr5	72112138	72212560	TNPO1	0.99
chr5	74632153	74657929	HMGCR	0.99
chr5	76924537	76935513	OTP	0.99
chr5	78293437	78531861	DMGDH	0.96
chr5	78668458	78810040	HOMER1	1.0
chr5	86563704	86687748	RASA1	0.94
chr5	88013974	88199922	MEF2C	1.0
chr5	98190907	98262240	CHD1	0.94
chr5	113696641	113832337	KCNN2	0.98
chr5	115779311	115910630	SEMA6A	0.94
chr5	132211070	132299326	AFF4	0.99
chr5	133484632	133512729	SKP1	0.99
chr5	133530024	133561833	PPP2CA	1.0
chr5	134094468	134190823	DDX46	1.0
chr5	134669589	134735604	H2AFY	0.98
chr5	135468533	135524435	SMAD5	0.96
chr5	137523338	137549032	CDC23	0.98
chr5	137688284	137772717	KDM3B	1.0
chr5	137841783	137878989	ETF1	1.0
chr5	137946655	138270723	CTNNA1	1.0
chr5	138609440	138667360	MATR3	0.99
chr5	138677275	138705406	PAIP2	1.0
chr5	138906015	139008018	UBE2D2	1.0
chr5	139226363	139422884	NRG2	0.99
chr5	139487361	139496321	PURA	1.0
chr5	139781398	139929163	ANKHD1	1.0
chr5	139781492	139929154	ANKHD1-EIF4EBP3	0.96
chr5	140026642	140042064	IK	0.99
chr5	140078264	140086248	ZMAT2	0.99
chr5	141000442	141016437	HDAC3	1.0
chr5	142657495	142815077	NR3C1	0.94
chr5	145826873	145891524	TCERG1	0.98
chr5	146967989	147162338	JAKMIP2	0.98
chr5	148871759	148931007	CSNK1A1	1.0
chr5	149599053	149669854	CAMK2A	1.0
chr5	150070355	150080669	RBM22	0.98
chr5	151150605	151192346	G3BP1	0.95
chr5	152869174	153193429	GRIA1	0.98
chr5	154092461	154197167	LARP1	1.0
chr5	158122927	158526769	EBF1	1.0
chr5	166711803	167691162	TENM2	0.97
chr5	170846659	170884627	FGF18	0.99
chr5	171288552	171433877	FBXW11	1.0
chr5	172659111	172662360	NKX2-5	0.97
chr5	173034516	173043663	BOD1	0.94
chr5	173315282	173388979	CPEB4	0.98
chr5	175874628	175937075	FAF2	0.94
chr5	176237477	176307897	UNC5A	0.98
chr5	176560025	176727216	NSD1	1.0
chr5	179105583	179107975	CBY3	0.99
chr5	179105628	179157926	CANX	1.0
chr5	179159850	179223512	MAML1	1.0
chr5	179220980	179223648	LTC4S	0.99
chr5	179224596	179233952	MGAT4B	0.97
chr5	179233387	179265078	SQSTM1	0.97
chr5	179261435	179289173	C5orf45	0.96
chr5	179286012	179288283	CTC-241N9.1	0.95
chr5	179289065	179334859	TBC1D9B	0.98
chr5	180620923	180632293	TRIM7	0.95
chr5	180649498	180662809	TRIM41	1.0
chr5	180663908	180675096	GNB2L1	0.98
chr5	180681416	180688119	TRIM52	0.99
chr5	180682719	180684578	AC008443.1	0.99
chr6	2887499	2903514	SERPINB9	0.97
chr6	2988220	3019996	NQO2	0.95
chr6	3153902	3157760	TUBB2A	1.0
chr6	3224494	3231964	TUBB2B	1.0
chr6	4021500	4065217	PRPF4B	1.0
chr6	10393418	10419892	TFAP2A	1.0
chr6	13621729	13711796	RANBP9	0.95
chr6	15246526	15522252	JARID2	0.99
chr6	16299342	16761722	ATXN1	0.94
chr6	28870778	28891766	TRIM27	0.98
chr6	30294255	30311506	TRIM39	1.0
chr6	30509153	30524951	GNL1	0.99
chr6	30539152	30564956	ABCF1	0.96
chr6	30568176	30586389	PPP1R10	1.0
chr6	30620895	30640814	DHX16	0.96
chr6	30687977	30693203	TUBB	0.97
chr6	31497995	31510225	DDX39B	1.0
chr6	31543343	31546113	TNF	0.94
chr6	31606804	31620482	BAG6	1.0
chr6	31633012	31638120	CSNK2B	1.0
chr6	31745294	31763730	VARS	0.94
chr6	31847535	31865464	EHMT2	0.99
chr6	32135988	32145873	AGPAT1	0.97
chr6	33161364	33168630	RXRB	1.0
chr6	33176271	33180499	RING1	0.96
chr6	33257078	33266178	PFDN6	0.98
chr6	33387846	33421466	SYNGAP1	0.98
chr6	34857041	35059179	ANKS1A	0.94
chr6	35182189	35220856	SCUBE3	0.97
chr6	35310334	35395968	PPARD	1.0
chr6	35995487	36079013	MAPK14	0.96
chr6	36164520	36200567	BRPF3	1.0
chr6	37225547	37300746	TBC1D22B	0.95
chr6	37400994	37450603	CMTR1	0.99
chr6	41040683	41067715	NFYA	0.98
chr6	41737913	41754280	FRS3	0.95
chr6	42531799	42661242	UBR2	0.99
chr6	42952236	42980080	PPP2R5D	0.99
chr6	42981950	42989036	KLHDC3	1.0
chr6	43139036	43149243	SRF	1.0
chr6	43211417	43255997	TTBK1	0.99
chr6	43490071	43543812	XPO5	1.0
chr6	43573052	43596899	GTPBP2	1.0
chr6	44355261	44418163	CDC5L	0.99
chr6	50786435	50815326	TFAP2B	1.0
chr6	56322784	56819426	DST	0.94
chr6	72596405	73112845	RIMS1	0.95
chr6	79645583	79787953	PHIP	0.99
chr6	86318052	86353510	SYNCRIP	1.0
chr6	87862550	87973914	ZNF292	0.94
chr6	90636247	91006627	BACH2	0.99
chr6	99282579	99286660	POU3F2	0.96
chr6	108487261	108510013	NR2E1	0.96
chr6	108881037	109005977	FOXO3	0.98
chr6	110501343	110575478	CDC40	0.94
chr6	111981534	112194655	FYN	0.98
chr6	114254191	114332472	HDAC2	0.96
chr6	119215383	119230332	ASF1A	0.95
chr6	128289923	128841870	PTPRK	0.97
chr6	136878184	137113656	MAP3K5	0.98
chr6	149979288	150039392	LATS1	0.99
chr6	151685251	151712683	ZBTB2	0.96
chr6	152442818	152958936	SYNE1	1.0
chr6	155054458	155155192	SCAF8	0.96
chr6	157099062	157531913	ARID1B	0.98
chr6	167342991	167370679	RNASET2	0.97
chr6	167412669	167466201	FGFR1OP	0.94
chr6	167525294	167553184	CCR6	0.98
chr6	168227601	168372703	MLLT4	1.0
chr6	170102232	170106401	C6orf120	0.96
chr7	855527	936072	SUN1	0.99
chr7	916188	936073	GET4	0.97
chr7	1272542	1276954	UNCX	1.0
chr7	1581870	1600457	TMEM184A	0.95
chr7	1606965	1610641	PSMG3	0.94
chr7	1727754	1787590	ELFN1	0.97
chr7	1855428	2272878	MAD1L1	0.99
chr7	2767745	2883958	GNA12	1.0
chr7	4836685	4923350	RADIL	0.98
chr7	5566781	5603415	ACTB	0.99
chr7	6048875	6063465	AIMP2	0.96
chr7	6061880	6098861	EIF2AK1	0.97
chr7	6071006	6076017	ANKRD61	0.96
chr7	6144514	6201195	USP42	0.98
chr7	6201406	6312275	CYTH3	1.0
chr7	18126571	19042039	HDAC9	0.99
chr7	19060613	19157295	TWIST1	0.99
chr7	20823905	20826505	SP8	0.98
chr7	23349827	23510086	IGF2BP3	0.96
chr7	24836157	25021253	OSBPL3	0.98
chr7	27870191	28220362	JAZF1	0.94
chr7	35840541	35944917	SEPT7	0.97
chr7	43152197	43605600	HECW1	0.96
chr7	44183871	44237769	GCK	0.98
chr7	44256748	44374176	CAMK2B	0.99
chr7	44646170	44748665	OGDH	0.99
chr7	44788179	44809477	ZMIZ2	0.96
chr7	45613738	45762715	ADCY1	0.97
chr7	69063904	70258054	AUTS2	0.97
chr7	72854727	72936608	BAZ1B	1.0
chr7	73497262	73536855	LIMK1	0.95
chr7	73588574	73611431	EIF4H	0.95
chr7	73868119	74016931	GTF2IRD1	0.94
chr7	74071993	74175026	GTF2I	0.97
chr7	75956115	75988348	YWHAG	1.0
chr7	77646392	79082890	MAGI2	0.96
chr7	79763270	79848718	GNAI1	0.96
chr7	92234234	92465908	CDK6	0.99
chr7	97736196	97838945	LMTK2	0.98
chr7	97840738	97842291	BHLHA15	0.98
chr7	97843935	97881563	TECPR1	0.96
chr7	97920962	98030380	BAIAP2L1	0.99
chr7	98246608	98259180	NPTX2	0.99
chr7	98444110	98468394	TMEM130	0.95
chr7	99036544	99054994	CPSF4	0.99
chr7	99686576	99689823	COPS6	1.0
chr7	99704692	99717464	TAF6	0.96
chr7	100026412	100031741	MEPCE	0.98
chr7	100472732	100486285	SRRT	1.0
chr7	100805789	100808874	VGF	0.95
chr7	102984700	103009842	PSMC2	1.0
chr7	103112230	103629963	RELN	0.98
chr7	104654625	104754808	KMT2E	0.99
chr7	104751150	105039755	SRPK2	0.97
chr7	105245513	105517050	ATXN7L1	1.0
chr7	106685093	106802256	PRKAR2B	0.96
chr7	116312443	116438440	MET	0.99
chr7	121941447	121950745	FEZF1	0.99
chr7	123295860	123304344	LMOD2	0.99
chr7	123321988	123389121	WASL	1.0
chr7	123469036	123517532	HYAL4	0.95
chr7	123565285	123611468	SPAM1	0.95
chr7	123670972	123673523	TMEM229A	1.0
chr7	127228398	127231759	ARF5	0.98
chr7	127292233	127732661	SND1	0.99
chr7	128864863	129070052	AHCYL2	0.95
chr7	129251554	129396922	NRF1	0.99
chr7	129470571	129592789	UBE2H	0.98
chr7	135046546	135194875	CNOT4	0.95
chr7	138145078	138274738	TRIM24	1.0
chr7	139246315	139477577	HIPK2	1.0
chr7	140419126	140624564	BRAF	1.0
chr7	148395005	148498128	CUL1	1.0
chr7	148504474	148581413	EZH2	1.0
chr7	150782917	150841523	AGAP3	0.97
chr7	151163097	151217206	RHEB	0.97
chr7	151253196	151574210	PRKAG2	0.94
chr7	155250823	155257526	EN2	1.0
chr7	155592679	155604967	SHH	1.0
chr8	12940869	13373167	DLC1	0.97
chr8	21777179	21864096	XPO7	1.0
chr8	22545171	22550815	EGR3	0.99
chr8	25699245	25902913	EBF2	0.98
chr8	26149006	26230196	PPP2R2A	0.97
chr8	26371790	26515694	DPYSL2	0.99
chr8	30631972	30671830	PPP2CB	0.97
chr8	37962759	38001594	ASH2L	1.0
chr8	38127214	38239790	WHSC1L1	0.99
chr8	38268655	38326352	FGFR1	1.0
chr8	41786996	41909508	KAT6A	0.98
chr8	42128819	42189973	IKBKB	0.94
chr8	61429415	61536186	RAB2A	0.95
chr8	61591336	61779465	CHD7	0.99
chr8	67955313	67996018	COPS5	1.0
chr8	71021996	71316040	NCOA2	0.99
chr8	71547552	71581409	LACTB2	0.98
chr8	73449625	73850584	KCNB2	0.96
chr8	74206846	74237516	RDH10	0.95
chr8	82644668	82671750	CHMP4C	0.96
chr8	86376080	86393722	CA2	0.94
chr8	87354966	87490649	WWP1	0.99
chr8	92967202	93115514	RUNX1T1	0.98
chr8	95653301	95719694	ESRP1	0.94
chr8	101928752	101965616	YWHAZ	0.99
chr8	102504659	102681954	GRHL2	0.99
chr8	103265239	103425069	UBR5	0.98
chr8	104310660	104345094	FZD6	0.94
chr8	126103920	126379362	NSMCE2	0.99
chr8	140613080	140715299	KCNK9	0.94
chr8	141541263	141645718	AGO2	1.0
chr8	141667998	142012315	PTK2	1.0
chr8	143845751	143859640	LYNX1	0.99
chr8	143866295	143868008	LY6D	1.0
chr8	144873089	144897549	SCRIB	0.97
chr8	144898513	144912029	PUF60	1.0
chr8	146015149	146017972	RPL8	0.98
chr8	146024260	146036554	ZNF517	0.95
chr9	14081841	14398982	NFIB	0.98
chr9	20341662	20622542	MLLT3	0.94
chr9	33041761	33076665	SMU1	1.0
chr9	33817564	33920402	UBE2R2	0.97
chr9	35056060	35073246	VCP	1.0
chr9	35605366	35610038	TESK1	0.94
chr9	35696944	35732392	TLN1	1.0
chr9	36336392	36487545	RNF38	0.97
chr9	80331002	80646374	GNAQ	0.99
chr9	86274877	86323118	UBQLN1	0.98
chr9	86582997	86595569	HNRNPK	0.99
chr9	87283465	87638505	NTRK2	0.98
chr9	88902647	88969369	ZCCHC6	0.97
chr9	95473644	95527094	BICD2	0.97
chr9	95947197	96082854	WNK2	0.98
chr9	96214003	96328397	FAM120A	0.95
chr9	96338688	96441869	PHF2	0.99
chr9	96713904	96717654	BARX1	0.94
chr9	98205261	98279339	PTCH1	0.96
chr9	100395907	100436030	NCBP1	0.98
chr9	101050390	101471479	GABBR2	0.99
chr9	101866319	101916474	TGFBR1	1.0
chr9	109625377	109775915	ZNF462	0.99
chr9	110045417	110094475	RAD23B	0.95
chr9	111934254	112083244	EPB41L4B	0.97
chr9	115923285	115983641	FKBP15	0.98
chr9	116037622	116055185	PRPF4	0.96
chr9	116638561	116818871	ZNF618	0.96
chr9	123617976	123639606	PHF19	0.97
chr9	123940414	123985292	RAB14	0.95
chr9	125281419	125282361	OR1J4	0.95
chr9	125606834	125667620	RC3H2	0.95
chr9	125703111	125867145	RABGAP1	0.98
chr9	125871778	126030855	STRBP	0.99
chr9	126763948	126795580	LHX2	0.95
chr9	127115744	127177723	PSMB7	0.94
chr9	127243515	127269709	NR5A1	1.0
chr9	127279553	127533589	NR6A1	0.94
chr9	127704886	127905785	SCAI	0.94
chr9	128199671	128469513	MAPKAP1	0.98
chr9	129376721	129463311	LMX1B	0.97
chr9	129677052	129985445	RALGPS1	0.99
chr9	130374543	130457460	STXBP1	0.96
chr9	130965657	131017527	DNM1	0.97
chr9	131314865	131395941	SPTAN1	1.0
chr9	131445702	131458679	SET	0.94
chr9	131492064	131534693	ZER1	0.99
chr9	131709977	131769375	NUP188	1.0
chr9	133589332	133763062	ABL1	1.0
chr9	136895426	136933657	BRD3	0.97
chr9	137000486	137025093	WDR5	0.99
chr9	137208943	137332431	RXRA	0.94
chr9	139323070	139334274	INPP5E	0.96
chr9	139334548	139372141	SEC16A	0.95
chr9	139377946	139380518	C9orf163	0.97
chr9	139756570	139760738	EDF1	0.94
chr9	139776363	139821059	TRAF2	0.94
chr9	140032841	140063207	GRIN1	1.0
chr9	140083098	140084822	SSNA1	0.98
chr9	140086068	140098645	TPRN	0.94
chr9	140098533	140100090	TMEM203	1.0
chr9	140100146	140111461	NDOR1	0.97
chr9	140114706	140116033	RNF208	1.0
chr9	140119086	140120763	C9orf169	0.99
chr9	140122017	140124090	RNF224	0.97
chr9	140135664	140138159	TUBB4B	1.0
chr9	140145712	140147934	C9orf173	0.96
chr9	140149624	140167998	NELFB	1.0
chr9	140513443	140764468	EHMT1	1.0
chr9	140772240	141019076	CACNA1B	1.0
chr10	855483	977564	LARP4B	0.99
chr10	12391480	12877545	CAMK1D	0.98
chr10	13359423	13390297	SEPHS1	1.0
chr10	21823093	22032559	MLLT10	0.99
chr10	22610139	22620413	BMI1	0.98
chr10	30301728	30404423	KIAA1462	0.97
chr10	32297937	32345359	KIF5B	0.98
chr10	33189246	33294720	ITGB1	0.95
chr10	43881064	43904614	HNRNPF	0.95
chr10	49514697	49647403	MAPK8	0.97
chr10	61548520	61666414	CCDC6	0.94
chr10	61786055	62493248	ANK3	0.99
chr10	63661058	63856703	ARID5B	0.98
chr10	64571755	64679660	EGR2	0.98
chr10	70480768	70552134	CCAR1	0.99
chr10	70715883	70744829	DDX21	0.98
chr10	71029739	71161638	HK1	0.98
chr10	71907044	71930279	SAR1A	0.98
chr10	75196185	75255782	PPP3CB	1.0
chr10	75504119	75531919	SEC24C	0.99
chr10	75545339	75561551	ZSWIM8	1.0
chr10	75572258	75634343	CAMK2G	1.0
chr10	75757871	75879918	VCL	0.96
chr10	76585339	76792380	KAT6B	0.99
chr10	78629358	79398353	KCNMA1	1.0
chr10	88195012	88281572	WAPAL	0.95
chr10	88516406	88692595	BMPR1A	0.97
chr10	88810242	88854623	GLUD1	0.99
chr10	89622869	89731687	PTEN	0.99
chr10	94050919	94113721	MARCH5	0.95
chr10	95517565	95557916	LGI1	0.97
chr10	99344130	99436191	PI4K2A	0.99
chr10	101948054	101989376	CHUK	0.98
chr10	102288828	102319755	HIF1AN	0.95
chr10	102889256	102897545	TLX1	0.94
chr10	102986732	102989551	LBX1	0.99
chr10	103544199	103578696	MGEA5	0.98
chr10	103989942	104001231	PITX3	0.95
chr10	104005288	104142656	GBF1	0.94
chr10	104153866	104162281	NFKB2	0.95
chr10	104238985	104262482	ACTR1A	0.99
chr10	104263743	104393292	SUFU	0.99
chr10	104404252	104418164	TRIM8	0.95
chr10	104678049	104849978	CNNM2	1.0
chr10	104845939	104953056	NT5C2	0.94
chr10	105127723	105148822	TAF5	0.99
chr10	112327448	112364394	SMC3	1.0
chr10	112679300	112773425	SHOC2	0.95
chr10	114710008	114927437	TCF7L2	0.97
chr10	118349896	118368687	PNLIPRP1	0.96
chr10	120794355	120840316	EIF3A	0.96
chr10	121334198	121356541	TIAL1	0.99
chr10	123237847	123357972	FGFR2	0.95
chr10	124895477	124897257	HMX3	0.98
chr10	126630691	126676758	ZRANB1	0.98
chr10	131633546	131762105	EBF3	1.0
chr11	532241	537287	HRAS	1.0
chr11	644232	706715	DEAF1	0.99
chr11	1940791	1959936	TNNT3	0.97
chr11	3875756	4114439	STIM1	0.96
chr11	4115936	4160106	RRM1	0.95
chr11	6469842	6495689	TRIM3	0.98
chr11	6496909	6502666	ARFIP2	0.96
chr11	7686330	7698453	CYB5R2	0.99
chr11	9595227	9615004	WEE1	0.96
chr11	10772533	10801290	CTR9	0.94
chr11	13298198	13408813	ARNTL	0.99
chr11	14299471	14386052	RRAS2	1.0
chr11	14515328	14665181	PSMA1	0.99
chr11	17756358	17804602	KCNC1	1.0
chr11	18343841	18388591	GTF2H1	0.97
chr11	18489882	18548779	TSG101	0.96
chr11	19372270	20143144	NAV2	1.0
chr11	31806339	31839509	PAX6	1.0
chr11	36508576	36531822	TRAF6	0.94
chr11	45115563	45247734	PRDM11	0.97
chr11	45950870	46142985	PHF21A	0.99
chr11	46417963	46615675	AMBRA1	0.96
chr11	46764597	46867847	CKAP5	1.0
chr11	47440319	47447993	PSMC3	1.0
chr11	47487495	47587121	CELF1	0.99
chr11	57093458	57103351	SSRP1	1.0
chr11	57435218	57468659	ZDHHC5	0.98
chr11	57520714	57587018	CTNND1	0.99
chr11	59341870	59383617	OSBP	0.99
chr11	59404188	59436453	PATL1	0.99
chr11	60658201	60674060	PRPF19	1.0
chr11	61066922	61110068	DDB1	1.0
chr11	61170120	61197503	CPSF7	0.99
chr11	61282784	61348620	SYT7	0.97
chr11	62360685	62369312	MTA2	1.0
chr11	62392297	62414104	GANAB	1.0
chr11	62559594	62573774	NXF1	1.0
chr11	63606399	63678491	MARK2	1.0
chr11	63753324	63769283	OTUB1	0.95
chr11	63952743	63972015	STIP1	0.99
chr11	64018994	64036622	PLCB3	0.98
chr11	64073043	64084215	ESRRA	0.98
chr11	64126619	64139687	RPS6KA4	0.98
chr11	64373645	64490660	NRXN2	0.96
chr11	64532077	64546258	SF1	0.98
chr11	64570981	64578766	MEN1	1.0
chr11	64889251	64902004	SYVN1	1.0
chr11	64948036	64979477	CAPN1	0.94
chr11	65101224	65120720	DPF2	1.0
chr11	65337900	65341413	SSSCA1	0.97
chr11	65383243	65404910	PCNXL3	0.97
chr11	65421066	65430565	RELA	1.0
chr11	65479466	65487075	KAT5	1.0
chr11	65729159	65747299	SART1	0.99
chr11	65818199	65836779	SF3B2	1.0
chr11	65837833	66012218	PACS1	1.0
chr11	66024764	66035331	KLC2	0.94
chr11	66036003	66044963	RAB1B	0.99
chr11	66112842	66115163	B3GNT1	0.95
chr11	66384052	66394818	RBM14	0.98
chr11	66615703	66725847	PC	0.95
chr11	66886739	67025558	KDM2A	1.0
chr11	67033880	67054027	ADRBK1	0.96
chr11	67165653	67188654	PPP1CA	1.0
chr11	67922329	67981295	SUV420H1	0.99
chr11	68228185	68382802	PPP6R3	0.95
chr11	69455854	69469242	CCND1	0.97
chr11	69924407	70035634	ANO1	0.94
chr11	71950120	71956708	PHOX2A	0.98
chr11	76060999	76092015	PRKRIR	0.95
chr11	82868029	82898493	PCF11	0.94
chr11	83166054	85338966	DLG2	1.0
chr11	85370751	85393951	CREBZF	0.97
chr11	111473114	111601577	SIK2	0.98
chr11	116714117	116969153	SIK3	0.96
chr11	117014982	117047610	PAFAH1B2	0.98
chr11	118307204	118397539	KMT2A	0.98
chr11	118620033	118661858	DDX6	1.0
chr11	118972907	118989252	C2CD2L	0.96
chr11	120207786	120360645	ARHGEF12	1.0
chr11	123301057	123306427	AP000783.1	0.99
chr11	125034582	125303285	PKNOX2	0.96
chr11	128706209	128737268	KCNJ1	0.99
chr11	128761250	128790930	KCNJ5	1.0
chr11	128769459	128775930	C11orf45	0.95
chr11	131240372	132206716	NTM	0.99
chr11	132284870	133402414	OPCML	1.0
chr11	133778458	133826880	IGSF9B	1.0
chr12	2079951	2802108	CACNA1C	1.0
chr12	3490514	3703139	PRMT8	0.95
chr12	4382937	4414516	CCND2	1.0
chr12	6679248	6716642	CHD4	1.0
chr12	6775642	6798738	ZNF384	0.98
chr12	6832906	6841041	COPS7A	0.98
chr12	6961291	6975796	USP5	1.0
chr12	7882010	7904201	CLEC4C	0.96
chr12	7917811	7926717	NANOGNB	0.96
chr12	12268958	12419946	LRP6	0.97
chr12	13693164	14133053	GRIN2B	1.0
chr12	14939409	14956474	WBP11	0.96
chr12	21917888	21928515	KCNJ8	0.98
chr12	21950334	22094336	ABCC9	0.99
chr12	23682439	24103966	SOX5	1.0
chr12	25357722	25403870	KRAS	0.99
chr12	27396900	27478892	STK38L	0.94
chr12	30781921	30848920	IPO8	0.96
chr12	31433517	31479992	FAM60A	0.97
chr12	31477249	31478879	AC024940.1	0.96
chr12	31535156	31744031	DENND5B	0.96
chr12	32259768	32536567	BICD1	0.97
chr12	39687029	39837192	KIF21A	1.0
chr12	40019968	40302102	C12orf40	0.95
chr12	46123447	46301823	ARID2	0.98
chr12	48176504	48226915	HDAC7	0.96
chr12	48366747	48398269	COL2A1	1.0
chr12	49223546	49246625	DDX23	1.0
chr12	49329505	49351334	ARF3	0.98
chr12	49396056	49412980	PRKAG1	1.0
chr12	49412757	49453557	KMT2D	1.0
chr12	49521564	49525180	TUBA1B	1.0
chr12	49578578	49583107	TUBA1A	1.0
chr12	49932939	49952091	KCNH3	0.97
chr12	49950326	49961936	MCRS1	0.99
chr12	50355652	50359464	AQP5	0.94
chr12	50478754	50494495	SMARCD1	1.0
chr12	50898767	51142450	DIP2B	0.96
chr12	51454989	51477447	CSRNP2	0.99
chr12	51785100	51902980	SLC4A8	0.96
chr12	51984049	52206648	SCN8A	1.0
chr12	52345450	52390862	ACVR1B	0.97
chr12	53399941	53435993	EIF4B	0.97
chr12	53604353	53626764	RARG	0.98
chr12	53773959	53810230	SP1	0.99
chr12	53835524	53874946	PCBP2	0.99
chr12	53874273	53893847	MAP3K12	1.0
chr12	54332534	54340328	HOXC13	0.99
chr12	54366909	54371427	HOXC11	0.95
chr12	54378848	54384063	HOXC10	0.96
chr12	54384407	54424607	HOXC6	0.98
chr12	54388678	54397121	HOXC9	0.99
chr12	54402831	54407570	HOXC8	0.99
chr12	54624723	54673886	CBX5	1.0
chr12	56137063	56150911	GDF11	0.98
chr12	56367696	56388490	RAB5B	0.96
chr12	56401442	56432219	IKZF4	1.0
chr12	56498102	56507691	PA2G4	1.0
chr12	56511942	56516278	ZC3H10	0.99
chr12	56556766	56583351	SMARCC2	1.0
chr12	56598284	56615717	RNF41	1.0
chr12	56615798	56623638	NABP2	0.94
chr12	56631590	56652175	ANKRD52	1.0
chr12	56665482	56694176	CS	1.0
chr12	56989379	57030600	BAZ2A	1.0
chr12	57031958	57039798	ATP5B	0.97
chr12	57489190	57525922	STAT6	0.99
chr12	57522275	57607134	LRP1	1.0
chr12	57643391	57824788	R3HDM2	1.0
chr12	57923884	57941114	DCTN2	1.0
chr12	58118979	58135940	AGAP2	0.97
chr12	62654118	62811211	USP15	0.97
chr12	68042117	68059186	DYRK2	1.0
chr12	69004618	69054372	RAP1B	0.95
chr12	69201955	69239214	MDM2	0.94
chr12	69633316	69668138	CPSF6	0.97
chr12	70636773	70748773	CNOT2	0.98
chr12	89981827	90103077	ATP2B1	1.0
chr12	93799448	93836038	UBE2N	0.94
chr12	94542498	94701451	PLXNC1	0.97
chr12	96051582	96184930	NTN4	0.94
chr12	96672038	96794338	CDK17	0.94
chr12	110718560	110788898	ATP2A2	1.0
chr12	110928901	110939922	VPS29	0.94
chr12	111157484	111180744	PPP1CC	0.99
chr12	111471827	111788358	CUX2	0.99
chr12	111890017	112037480	ATXN2	0.96
chr12	112464499	112546826	NAA25	0.98
chr12	112597991	112819896	HECTD4	0.99
chr12	112856154	112947717	PTPN11	1.0
chr12	113658854	113736390	TPCN1	0.96
chr12	113899838	113910085	LHX5	1.0
chr12	114791735	114846247	TBX5	0.97
chr12	115108058	115121969	TBX3	0.96
chr12	116395710	116715143	MED13L	1.0
chr12	117176095	117291436	RNFT2	0.95
chr12	117890816	118406788	KSR2	1.0
chr12	118587605	118810750	TAOK3	0.96
chr12	120532898	120555306	RAB35	0.98
chr12	120779132	120806983	MSI1	0.94
chr12	121078354	121105127	CABP1	0.97
chr12	121866899	122018920	KDM2B	0.99
chr12	122242085	122270562	SETD1B	1.0
chr12	124808960	125052135	NCOR2	0.96
chr12	131356423	131362223	RAN	1.0
chr12	132379195	132407712	ULK1	0.99
chr12	132434507	132565005	EP400	1.0
chr13	21547170	21635686	LATS2	0.94
chr13	27640292	27746033	USP12	0.96
chr13	28536273	28545276	CDX2	1.0
chr13	28874488	29069265	FLT1	0.94
chr13	31032883	31191734	HMGB1	0.94
chr13	33160563	33352157	PDS5B	0.94
chr13	35516423	36247159	NBEA	1.0
chr13	36345477	36705443	DCLK1	0.99
chr13	48877886	49056122	RB1	0.94
chr13	51928212	52028400	INTS6	0.99
chr13	77618791	77901185	MYCBP2	0.96
chr13	79172496	79177673	POU4F1	0.94
chr13	95361885	95364389	SOX21	0.95
chr13	99445740	99738879	DOCK9	0.97
chr13	100634025	100639018	ZIC2	0.96
chr13	101706129	102068843	NALCN	1.0
chr13	110801317	110959496	COL4A1	0.98
chr13	110958158	111165374	COL4A2	1.0
chr13	111267880	111292340	CARKD	0.95
chr13	111365082	111373421	ING1	0.99
chr13	111766905	111958084	ARHGEF7	0.95
chr13	113862551	113919399	CUL4A	1.0
chr13	114076259	114107839	ADPRHL1	0.97
chr13	114239012	114295785	TFDP1	1.0
chr14	21558204	21572881	ZNF219	0.95
chr14	21819630	21852425	SUPT16H	1.0
chr14	21853352	21924285	CHD8	1.0
chr14	21944755	21967319	TOX4	1.0
chr14	21966276	21979517	METTL3	0.97
chr14	23305765	23318236	MMP14	0.97
chr14	23389719	23398794	PRMT5	0.99
chr14	23485751	23504439	PSMB5	0.99
chr14	23527772	23564823	ACIN1	0.99
chr14	23767998	23780968	BCL2L2	0.97
chr14	23851198	23877486	MYH6	0.95
chr14	23881946	23904927	MYH7	0.97
chr14	24615891	24629870	RNF31	1.0
chr14	24649424	24658170	IPO4	0.98
chr14	24686057	24701660	NEDD8	0.94
chr14	24834878	24848810	NFATC4	0.97
chr14	29235049	29238870	FOXG1	0.97
chr14	31569317	31677010	HECTD1	0.99
chr14	33404138	34273382	NPAS3	0.94
chr14	34393436	34931980	EGLN3	1.0
chr14	35747838	35786699	PSMA6	1.0
chr14	51441979	51562779	TRIM9	0.98
chr14	53173889	53195305	PSMC6	0.99
chr14	54416453	54425479	BMP4	0.95
chr14	55033814	55260033	SAMD4A	0.99
chr14	55308725	55369570	GCH1	0.99
chr14	57267424	57277197	OTX2	0.99
chr14	59655363	59838123	DAAM1	0.97
chr14	60712469	60765805	PPM1A	0.98
chr14	60975668	60979568	SIX6	0.97
chr14	62162230	62214976	HIF1A	0.94
chr14	63173286	63568755	KCNH5	0.96
chr14	64970429	65000408	ZBTB1	0.98
chr14	69517597	69619867	DCAF5	0.95
chr14	69846847	69865344	ERH	0.94
chr14	75348593	75370448	DLST	0.94
chr14	76424441	76449334	TGFB3	0.98
chr14	77924212	77935817	AHSA1	0.97
chr14	78183941	78227550	SNW1	1.0
chr14	85996487	86095034	FLRT2	0.96
chr14	89591214	90085493	FOXN3	0.95
chr14	90722838	90738968	PSMC1	0.97
chr14	91923954	91976898	SMEK1	0.99
chr14	93799564	94174222	UNC79	1.0
chr14	95552564	95624347	DICER1	0.99
chr14	96967769	97033448	PAPOLA	0.98
chr14	99947505	100001381	CCNK	1.0
chr14	100704634	100749129	YY1	1.0
chr14	101192041	101201539	DLK1	0.97
chr14	102228134	102394326	PPP2R5C	0.99
chr14	102430864	102517129	DYNC1H1	1.0
chr14	103058997	103196913	RCOR1	0.99
chr14	103243812	103377837	TRAF3	0.96
chr14	103398715	103523799	CDC42BPB	0.99
chr14	103566480	103576896	EXOC3L4	0.96
chr14	103589778	103603776	TNFAIP2	0.98
chr14	104028232	104167888	KLC1	0.97
chr14	104406762	104408645	RD3L	0.95
chr14	105235685	105262088	AKT1	0.99
chr14	105331616	105363107	CEP170B	1.0
chr14	105607317	105635161	JAG2	1.0
chr14	105639274	105647660	NUDT14	0.97
chr14	105886158	105937066	MTA1	0.99
chr15	25582380	25684128	UBE3A	0.94
chr15	26788692	27184686	GABRB3	0.99
chr15	35080296	35088340	ACTC1	0.97
chr15	37181405	37393504	MEIS2	0.99
chr15	41221537	41231237	DLL4	0.97
chr15	41271077	41408552	INO80	1.0
chr15	41700605	41775761	RTF1	1.0
chr15	42450898	42500514	VPS39	1.0
chr15	43568477	43594453	TGM7	0.99
chr15	43699406	43802926	TP53BP1	0.99
chr15	44096689	44117000	MFAP1	0.94
chr15	44162961	44487450	FRMD5	0.98
chr15	44829254	44855227	EIF3J	0.98
chr15	48700502	48938046	FBN1	0.98
chr15	49398267	49447858	COPS2	1.0
chr15	52599479	52821247	MYO5A	0.99
chr15	58887402	59042177	ADAM10	0.97
chr15	60296420	60353929	FOXB1	0.94
chr15	62359175	62363116	C2CD4A	0.96
chr15	63900816	64126141	HERC1	0.99
chr15	64752940	64978264	ZNF609	0.96
chr15	65440556	65477680	CLPX	0.97
chr15	65950383	66084631	DENND4A	0.98
chr15	66018391	66184329	RAB11A	1.0
chr15	66679154	66784650	MAP2K1	1.0
chr15	67356100	67487533	SMAD3	0.99
chr15	68346516	68483096	PIAS1	1.0
chr15	72491369	72524164	PKM	0.98
chr15	72766666	72879692	ARIH1	1.0
chr15	73612199	73661605	HCN4	0.99
chr15	74890840	74932057	CLK3	0.98
chr15	74922898	74988633	EDC3	0.95
chr15	75661719	75748183	SIN3A	1.0
chr15	75759461	75871630	PTPN9	0.97
chr15	76629064	76634817	ISL2	0.95
chr15	78570176	78592136	WDR61	1.0
chr15	78729772	78793798	IREB2	0.98
chr15	78832746	78841604	PSMA4	0.97
chr15	79252288	79383115	RASGRF1	0.94
chr15	83211950	83317612	CPEB1	1.0
chr15	93426525	93571237	CHD2	0.99
chr15	98462783	98517068	ARRDC4	0.96
chr15	100511793	100882210	ADAMTS17	0.96
chr16	284544	319942	ITFG3	0.96
chr16	318299	325980	RGS11	0.96
chr16	318725	333003	ARHGDIG	1.0
chr16	333151	337215	PDIA2	1.0
chr16	337439	402673	AXIN1	1.0
chr16	417383	420527	MRPL28	0.99
chr16	446724	460367	NME4	0.95
chr16	451825	462487	DECR2	0.94
chr16	475618	573011	RAB11FIP3	0.99
chr16	1355547	1377019	UBE2I	0.99
chr16	1543344	1560458	TELO2	0.96
chr16	1578688	1605581	TMEM204	0.97
chr16	1756183	1820318	MAPK8IP3	0.97
chr16	2587964	2653189	PDPK1	0.99
chr16	2732475	2759031	KCTD5	0.96
chr16	3115297	3131908	IL32	0.97
chr16	3415098	3536963	NAA60	1.0
chr16	3775054	3930727	CREBBP	1.0
chr16	4853203	4897343	GLYR1	1.0
chr16	8874240	8891505	TMEM186	0.95
chr16	8985950	9058371	USP7	0.98
chr16	9852375	10276611	GRIN2A	1.0
chr16	11844441	11891123	ZC3H7A	0.99
chr16	11961984	12009939	GSPT1	0.99
chr16	20866246	20911706	DCUN1D3	0.98
chr16	24549013	24584184	RBBP6	0.99
chr16	27470875	27561234	GTF3C1	0.98
chr16	28834355	28848558	ATXN2L	0.98
chr16	28857920	28885526	SH2B1	0.96
chr16	29984961	30003582	TAOK2	1.0
chr16	30087298	30096698	PPP4C	0.99
chr16	30125425	30134827	MAPK3	0.95
chr16	30368422	30381585	TBC1D10B	0.98
chr16	30709529	30755602	SRCAP	1.0
chr16	30773065	30787628	RNF40	0.99
chr16	30789777	30798523	ZNF629	0.96
chr16	30934375	30960104	FBXL19	1.0
chr16	30968614	30996437	SETD1A	1.0
chr16	31127074	31142714	KAT8	0.99
chr16	31191430	31203127	FUS	0.94
chr16	46740890	46824319	MYLK3	0.99
chr16	46989298	47007699	DNAJA2	1.0
chr16	48390274	48482313	SIAH1	0.96
chr16	49521434	49891830	ZNF423	0.96
chr16	50186828	50269221	PAPD5	0.98
chr16	50775960	50835846	CYLD	0.98
chr16	53088944	53363062	CHD9	0.99
chr16	54964773	54968397	IRX5	0.98
chr16	56225301	56391356	GNAO1	0.99
chr16	56463044	56486111	NUDT21	1.0
chr16	57220048	57274387	RSPRY1	0.99
chr16	57496298	57505922	POLR2C	0.98
chr16	58191810	58231824	CSNK2A2	1.0
chr16	58553854	58663790	CNOT1	1.0
chr16	66754795	66785701	DYNC1LI2	0.98
chr16	67471916	67515140	ATP6V0D1	0.96
chr16	67596309	67673086	CTCF	1.0
chr16	67880634	67906470	NUTF2	0.99
chr16	67906925	67918406	EDC4	0.98
chr16	67927174	67963581	PSKH1	0.95
chr16	69139466	69152622	HAS3	0.94
chr16	69221031	69342955	SNTB2	0.94
chr16	69345258	69358949	VPS4A	1.0
chr16	69389463	69442474	TERF2	1.0
chr16	69598996	69738569	NFAT5	1.0
chr16	69775769	69788843	NOB1	0.98
chr16	69796208	69975644	WWP2	1.0
chr16	70380731	70407286	DDX19A	0.96
chr16	70557690	70608820	SF3B3	1.0
chr16	70695106	70719969	MTSS1L	1.0
chr16	70695569	70699739	FLJ00418	0.95
chr16	70721341	70835064	VAC14	0.99
chr16	71392615	71424341	CALB2	1.0
chr16	71762912	71843104	AP1G1	0.99
chr16	71879893	71919171	ATXN1L	1.0
chr16	71879898	71962913	IST1	0.98
chr16	71893582	71929239	ZNF821	0.96
chr16	72042486	72058954	DHODH	0.98
chr16	72127460	72146811	DHX38	0.99
chr16	75600248	75611779	GABARAPL2	0.98
chr16	82068608	82132139	HSD17B2	0.98
chr16	84155885	84178797	HSDL1	0.96
chr16	87439851	87525651	ZCCHC14	0.97
chr16	89985572	90005169	TUBB3	1.0
chr17	1323982	1366456	CRK	1.0
chr17	1553922	1588176	PRPF8	0.99
chr17	1837970	1928639	RTN4RL1	0.96
chr17	2496503	2588909	PAFAH1B1	1.0
chr17	4736682	4801356	MINK1	0.99
chr17	4901242	4931696	KIF1C	0.97
chr17	7093208	7123021	DLG4	0.99
chr17	7128659	7137864	DVL2	0.98
chr17	7218946	7232712	NEURL4	1.0
chr17	7308192	7323179	NLGN2	0.99
chr17	7362684	7387582	ZBTB4	0.94
chr17	7387684	7417933	POLR2A	1.0
chr17	7465191	7475287	SENP3	1.0
chr17	7494547	7518189	FXR2	1.0
chr17	7788123	7816078	CHD3	1.0
chr17	8316448	8393729	NDEL1	0.96
chr17	8377522	8534079	MYH10	1.0
chr17	8924858	9147317	NTN1	0.99
chr17	11924140	12047147	MAP2K4	0.95
chr17	15932470	16121499	NCOR1	0.98
chr17	17150140	17184607	COPS3	0.95
chr17	18086391	18113268	ALKBH5	0.99
chr17	18174741	18218321	TOP3A	0.95
chr17	19281033	19286857	MAPK7	0.94
chr17	20902909	20947073	USP22	0.94
chr17	26368762	26523407	NLK	1.0
chr17	26673658	26684545	POLDIP2	0.95
chr17	26989108	27029697	SUPT6H	1.0
chr17	27232267	27278789	PHF12	1.0
chr17	27400527	27507430	MYO18A	0.98
chr17	27582853	27621136	NUFIP2	0.96
chr17	27717481	27878922	TAOK1	0.99
chr17	29421944	29709134	NF1	1.0
chr17	30264036	30328064	SUZ12	0.99
chr17	30469472	30580393	RHOT1	0.94
chr17	30771278	30810336	PSMD11	0.99
chr17	33905064	34053436	AP2B1	1.0
chr17	34900736	34946278	GGNBP2	0.96
chr17	35441922	35766909	ACACA	1.0
chr17	36046434	36105237	HNF1B	0.96
chr17	36686250	36762183	SRCIN1	0.99
chr17	36861794	36886056	MLLT6	0.99
chr17	36908988	36920484	PSMB3	0.96
chr17	36921941	36956379	PIP4K2B	1.0
chr17	37560537	37607539	MED1	0.95
chr17	37617763	37721160	CDK12	0.99
chr17	37759788	37766030	NEUROD2	0.97
chr17	37844166	37886679	ERBB2	0.94
chr17	38137049	38154213	PSMD3	0.99
chr17	38214542	38250120	THRA	0.99
chr17	38249039	38256978	NR1D1	0.96
chr17	38278550	38293042	MSL1	0.99
chr17	38781213	38804760	SMARCE1	0.98
chr17	38974368	38978847	KRT10	0.95
chr17	40023160	40086795	ACLY	1.0
chr17	40118758	40129749	CNP	0.98
chr17	40128450	40173394	DNAJC7	1.0
chr17	40265125	40273376	KAT2A	1.0
chr17	40308908	40333296	KCNH4	0.98
chr17	40351185	40428725	STAT5B	1.0
chr17	40439564	40463961	STAT5A	0.97
chr17	40465341	40540586	STAT3	1.0
chr17	40610861	40674629	ATP6V0A1	0.98
chr17	40761693	40767252	TUBG1	1.0
chr17	40852292	40897071	EZH1	0.98
chr17	40962151	40985367	BECN1	1.0
chr17	40976401	40995774	PSME3	1.0
chr17	41322497	41363708	NBR1	0.99
chr17	41561232	41621831	DHX8	1.0
chr17	41605211	41656988	ETV4	0.98
chr17	42112002	42144987	LSM12	0.95
chr17	42154113	42201070	HDAC5	0.98
chr17	42269172	42277481	ATXN7L3	1.0
chr17	42282400	42298994	UBTF	1.0
chr17	42385780	42396039	RUNDC3A	0.95
chr17	42634924	42636907	FZD2	0.99
chr17	42927310	42977030	EFTUD2	1.0
chr17	43128977	43186384	NMT1	1.0
chr17	44107281	44302733	KANSL1	0.96
chr17	44839871	44910520	WNT3	1.0
chr17	45195068	45266788	CDC27	0.98
chr17	45726841	45762871	KPNB1	1.0
chr17	45973515	46006323	SP2	0.98
chr17	46147413	46178883	CBX1	1.0
chr17	46626231	46682274	HOXB3	0.95
chr17	46668618	46671323	HOXB5	0.94
chr17	46684593	46710934	HOXB7	0.95
chr17	46688738	46692478	HOXB8	1.0
chr17	46985730	47006418	UBE2Z	0.99
chr17	47074773	47133012	IGF2BP1	0.98
chr17	47481413	47492246	PHB	0.99
chr17	47676245	47755596	SPOP	1.0
chr17	47865916	47906458	KAT7	1.0
chr17	48211103	48227991	PPP1R9B	0.99
chr17	48260649	48278993	COL1A1	1.0
chr17	48638428	48704835	CACNA1G	0.99
chr17	48796904	48833574	LUC7L3	0.95
chr17	49039534	49198226	SPAG9	0.97
chr17	49254785	49337524	MBTD1	1.0
chr17	55333211	55762046	MSI2	0.98
chr17	56048909	56065620	VEZF1	1.0
chr17	56566897	56595266	MTMR4	1.0
chr17	56833229	57058983	PPM1E	0.96
chr17	57697218	57773671	CLTC	1.0
chr17	57970446	58027925	RPS6KB1	1.0
chr17	59477256	59486827	TBX2	0.94
chr17	60019965	60142643	MED13	0.94
chr17	60536018	60692842	TLK2	1.0
chr17	61627821	61671639	DCAF7	0.96
chr17	61699774	61773663	MAP3K3	1.0
chr17	61850962	61896677	DDX42	1.0
chr17	61904511	61909379	PSMC5	1.0
chr17	62116501	62208179	ERN1	0.96
chr17	62538412	62658186	SMURF2	0.97
chr17	64298753	64806861	PRKCA	0.97
chr17	65066553	65242105	HELZ	0.96
chr17	65373574	65693372	PITPNC1	0.95
chr17	65821639	65980494	BPTF	1.0
chr17	66507920	66547460	PRKAR1A	1.0
chr17	68164813	68176189	KCNJ2	0.95
chr17	73163407	73179078	SUMO2	0.96
chr17	73780680	73821886	UNK	0.99
chr17	74385531	74449288	UBE2O	1.0
chr17	76000248	76104916	TNRC6C	0.97
chr17	77015290	77023737	C1QTNF1-AS1	0.99
chr17	77018895	77045870	C1QTNF1	0.99
chr17	77071020	77084681	ENGASE	0.95
chr17	77085426	77613550	RBFOX3	0.98
chr17	77806954	77813228	CBX4	0.99
chr17	78075354	78093678	GAA	0.98
chr17	78109012	78120982	EIF4A3	1.0
chr17	78143790	78183130	CARD14	0.96
chr17	78180514	78194722	SGSH	0.98
chr17	78193497	78227299	SLC26A11	0.94
chr17	78518618	78940171	RPTOR	0.97
chr17	79801034	79818570	P4HB	0.94
chr17	79845712	79849462	ALYREF	0.95
chr17	80008566	80015346	GPS1	0.95
chr18	2655736	2805015	SMCHD1	0.97
chr18	11688954	11885684	GNAL	0.95
chr18	12093851	12129748	ANKRD62	0.99
chr18	18822202	19105378	GREB1L	0.96
chr18	21086147	21166862	NPC1	0.97
chr18	22641889	22932154	ZNF521	0.96
chr18	24034873	24237365	KCTD1	1.0
chr18	29027757	29058665	DSG3	0.97
chr18	29078005	29128971	DSG2	0.98
chr18	32556891	32723434	MAPRE2	0.98
chr18	34823009	35146000	CELF4	0.94
chr18	42260137	42648475	SETBP1	0.99
chr18	43664109	43684300	ATP5A1	0.98
chr18	43906771	44043103	RNF165	0.99
chr18	45357921	45457515	SMAD2	1.0
chr18	47309868	47340330	ACAA2	0.97
chr18	47793251	47808144	MBD1	1.0
chr18	47808712	47814674	CXXC1	0.95
chr18	48494409	48611415	SMAD4	1.0
chr18	52889561	53332018	TCF4	0.99
chr18	55313657	55470333	ATP8B1	0.99
chr18	59992519	60058516	TNFRSF11A	0.98
chr19	507298	519654	TPGS1	0.97
chr19	531713	542097	CDC34	0.98
chr19	676391	683385	FSTL3	0.99
chr19	1086593	1095598	POLR2E	0.99
chr19	1103935	1106787	GPX4	0.97
chr19	1107635	1174282	SBNO2	0.96
chr19	1407567	1435719	DAZAP1	0.99
chr19	1576638	1592882	MBD3	0.96
chr19	1941187	1981337	CSNK1G2	1.0
chr19	2100987	2164464	AP3D1	0.94
chr19	3224700	3297074	CELF5	0.99
chr19	3506270	3538328	FZR1	0.98
chr19	3610638	3626813	CACTIN	0.98
chr19	3708106	3750811	TJP3	0.98
chr19	3750816	3761697	APBA3	0.98
chr19	3762661	3768573	MRPL54	0.97
chr19	3777970	3802127	MATK	0.98
chr19	3976053	3985467	EEF2	0.97
chr19	4007643	4039384	PIAS4	0.98
chr19	4090318	4124126	MAP2K2	1.0
chr19	4675235	4724685	DPP9	0.98
chr19	4969124	5153606	KDM4B	0.96
chr19	5158505	5340814	PTPRS	0.94
chr19	6212965	6279959	MLLT1	0.97
chr19	6361462	6368919	CLPP	0.98
chr19	6413358	6424805	KHSRP	1.0
chr19	6494329	6502859	TUBB4A	1.0
chr19	7684410	7694451	XAB2	0.98
chr19	7701766	7712759	STXBP2	0.97
chr19	7895118	7929862	EVI5L	0.94
chr19	7968727	7979363	MAP2K7	0.99
chr19	8023462	8070543	ELAVL1	1.0
chr19	8509650	8553998	HNRNPM	0.97
chr19	9945932	9960358	PIN1	0.96
chr19	10225692	10230596	EIF3G	0.94
chr19	10244020	10341962	DNMT1	0.99
chr19	10596795	10614417	KEAP1	0.96
chr19	10764936	10803093	ILF3	1.0
chr19	10828754	10944164	DNM2	1.0
chr19	10982188	11033453	CARM1	1.0
chr19	11071597	11176071	SMARCA4	1.0
chr19	11562140	11591861	ELAVL3	1.0
chr19	12810007	12834825	TNPO2	1.0
chr19	12944764	12985765	MAST1	0.99
chr19	13056668	13064456	RAD23A	0.95
chr19	13106421	13209610	NFIX	0.95
chr19	13228916	13251955	NACC1	1.0
chr19	13317255	13734804	CACNA1A	1.0
chr19	14063303	14072254	DCAF15	0.99
chr19	14072349	14117851	RFX1	0.98
chr19	14202499	14228896	PRKACA	1.0
chr19	15347646	15443356	BRD4	1.0
chr19	15532318	15560762	WIZ	0.96
chr19	16222438	16245044	RAB8A	0.99
chr19	16308388	16346160	AP1M1	0.99
chr19	16628699	16653341	CHERP	1.0
chr19	16940210	16991164	SIN3B	0.96
chr19	17186590	17325346	MYO9B	0.99
chr19	17712136	17799401	UNC13A	0.95
chr19	18208602	18262502	MAST3	0.99
chr19	18263927	18288927	PIK3R2	1.0
chr19	18942746	18979045	UPF1	1.0
chr19	19431489	19469563	MAU2	0.99
chr19	19756006	19774502	ATP13A1	0.99
chr19	30414550	30506611	URI1	0.95
chr19	34919256	34960853	UBA2	1.0
chr19	35759880	35770724	USF2	0.98
chr19	36119931	36128588	RBM42	0.94
chr19	36208920	36229779	KMT2B	0.99
chr19	36236014	36237911	PSENEN	0.99
chr19	38701645	38720354	DPF1	0.96
chr19	39327027	39342987	HNRNPL	0.99
chr19	39833035	39876350	SAMD4B	0.99
chr19	39876491	39881835	PAF1	0.97
chr19	39926795	39967310	SUPT5H	1.0
chr19	40315989	40324841	DYRK1B	1.0
chr19	40325097	40337054	FBL	0.94
chr19	40476911	40487348	PSMC4	1.0
chr19	40697650	40721482	MAP3K10	0.96
chr19	40736223	40791443	AKT2	0.99
chr19	41172595	41196877	NUMBL	1.0
chr19	41768400	41813503	HNRNPUL1	1.0
chr19	41807491	41859816	TGFB1	1.0
chr19	42470733	42501649	ATP1A3	1.0
chr19	42734337	42746777	GSK3A	1.0
chr19	42751723	42759309	ERF	1.0
chr19	42772688	42799949	CIC	0.99
chr19	44126519	44143991	CADM4	0.97
chr19	45393825	45406946	TOMM40	0.98
chr19	45457841	45496599	CLPTM1	1.0
chr19	45542297	45574214	CLASRP	0.94
chr19	45582545	45808541	MARK4	0.98
chr19	46190711	46195827	SNRPD2	0.96
chr19	46318667	46366548	SYMPK	0.98
chr19	46386865	46389376	IRF2BP1	0.99
chr19	46436991	46476804	NOVA2	0.99
chr19	46850250	46896238	PPP5C	1.0
chr19	47104330	47114050	CALM3	0.98
chr19	47177531	47220384	PRKD2	0.97
chr19	47222763	47250251	STRN4	0.97
chr19	47421932	47508334	ARHGAP35	0.99
chr19	48898131	48948188	GRIN2D	1.0
chr19	49496704	49519252	RUVBL2	1.0
chr19	49588675	49611862	SNRNP70	0.97
chr19	49932657	49945617	SLC17A7	0.97
chr19	50094899	50129696	PRR12	1.0
chr19	50145381	50161899	SCAF1	0.96
chr19	50179042	50192286	PRMT1	1.0
chr19	50270224	50310370	AP2A1	1.0
chr19	50832909	50886239	NR1H2	0.94
chr19	51165083	51222707	SHANK1	0.98
chr19	51322403	51327043	KLK1	0.95
chr19	51870351	51872257	CLDND2	0.99
chr19	51874859	51875969	NKG7	0.98
chr19	51954100	51961710	SIGLEC8	0.96
chr19	51979837	51994206	CEACAM18	0.96
chr19	52022778	52035110	SIGLEC6	0.96
chr19	52095035	52097630	AC018755.1	0.98
chr19	52693291	52730687	PPP2R1A	1.0
chr19	54618836	54635140	PRPF31	0.96
chr19	55663136	55669141	TNNI3	0.95
chr19	55793439	55823901	BRSK1	0.95
chr19	56165511	56186081	U2AF2	1.0
chr19	59055457	59062089	TRIM28	0.94
chr20	2844829	3019722	PTPRA	1.0
chr20	3052265	3053163	OXT	1.0
chr20	3063201	3065370	AVP	0.97
chr20	3639938	3644046	GFRA4	0.97
chr20	3648611	3662893	ADAM33	0.97
chr20	3713313	3733758	HSPA12B	0.94
chr20	3758150	3762095	SPEF1	0.98
chr20	3764497	3767337	CENPB	1.0
chr20	3767577	3786762	CDC25B	1.0
chr20	3827486	3849280	MAVS	0.98
chr20	3869485	3907605	PANK2	0.99
chr20	4101626	4168394	SMOX	0.99
chr20	8112823	8949003	PLCB1	0.99
chr20	10618331	10654694	JAG1	0.95
chr20	17206751	17465223	PCSK2	0.95
chr20	20348764	20351590	INSM1	0.95
chr20	21491647	21494664	NKX2-2	0.97
chr20	30780305	30795594	PLAGL2	0.99
chr20	30865466	30922814	KIF3B	0.96
chr20	31407698	31438211	MAPRE1	0.95
chr20	32676103	32700138	EIF2S2	0.97
chr20	32951040	33099198	ITCH	0.97
chr20	34291530	34330234	RBM39	1.0
chr20	35973087	36034453	SRC	1.0
chr20	37353104	37358015	SLC32A1	0.95
chr20	39314487	39317880	MAFB	1.0
chr20	39657457	39753127	TOP1	0.95
chr20	40030740	40247133	CHD6	0.99
chr20	44563266	44576662	PCIF1	0.96
chr20	44650355	44688784	SLC12A5	0.99
chr20	44689623	44718591	NCOA5	0.98
chr20	44994687	45061704	ELMO2	0.94
chr20	45837858	45985567	ZMYND8	1.0
chr20	47538426	47653230	ARFGEF2	0.99
chr20	47980413	48099184	KCNB1	1.0
chr20	49126890	49201299	PTPN1	0.96
chr20	49505584	49547958	ADNP	1.0
chr20	50003493	50179370	NFATC2	1.0
chr20	54967426	54979518	CSTF1	0.98
chr20	55926065	55954267	RAE1	0.97
chr20	56884751	56942563	RAB22A	0.97
chr20	57414772	57486247	GNAS	0.97
chr20	57556262	57570188	NELFCD	0.96
chr20	60528524	60640866	TAF4	0.98
chr20	60711790	60718496	PSMA7	0.96
chr20	62119365	62130505	EEF1A2	0.97
chr20	62588054	62680113	ZNF512B	0.96
chr21	32490733	32932290	TIAM1	0.96
chr21	35014705	35272165	ITSN1	1.0
chr21	37692486	37758446	MORC3	0.99
chr21	38738091	38889753	DYRK1A	0.98
chr21	38979677	39288749	KCNJ6	0.96
chr21	39751948	40033704	ERG	0.94
chr21	44513065	44527697	U2AF1	0.97
chr22	17565843	17596583	IL17RA	0.94
chr22	17597188	17602257	CECR6	1.0
chr22	17602475	17612994	AC006946.15	0.95
chr22	17618400	17646177	CECR5	0.95
chr22	17660193	17702879	CECR1	0.98
chr22	17840836	18037850	CECR2	0.98
chr22	18074901	18111584	ATP6V1E1	0.98
chr22	18111620	18213388	BCL2L13	0.95
chr22	18216905	18257536	BID	0.95
chr22	18270414	18507325	MICAL3	1.0
chr22	18560688	18613905	PEX26	0.94
chr22	18593096	18629321	TUBA8	0.95
chr22	19318220	19435224	HIRA	0.99
chr22	19437432	19466738	UFD1L	0.94
chr22	20067754	20099400	DGCR8	1.0
chr22	20850199	20941919	MED15	0.97
chr22	21271713	21308037	CRKL	0.94
chr22	21771692	21805752	HIC2	0.94
chr22	21903735	21978323	UBE2L3	1.0
chr22	22108788	22221970	MAPK1	1.0
chr22	24407641	24574596	CABIN1	0.99
chr22	24666785	24813708	SPECC1L	0.96
chr22	24936405	24951903	GUCD1	0.96
chr22	24951470	25005947	SNRPD3	1.0
chr22	24981587	24989175	FAM211B	0.96
chr22	25348696	25593415	KIAA1671	1.0
chr22	29663997	29696515	EWSR1	0.99
chr22	29723668	29819168	AP1B1	0.99
chr22	29999544	30094587	NF2	0.94
chr22	30727976	30752936	SF3A1	1.0
chr22	30972611	31003070	PES1	0.96
chr22	31321116	31364284	MORC2	1.0
chr22	31721789	31742218	PATZ1	1.0
chr22	31795508	31924726	DRG1	0.96
chr22	31832962	31892094	EIF4ENIF1	0.96
chr22	32340446	32353590	YWHAH	0.94
chr22	32614464	32651328	SLC5A4	0.97
chr22	36677326	36784063	MYH9	1.0
chr22	38366692	38383429	SOX10	1.0
chr22	38686696	38794527	CSNK1E	1.0
chr22	38822331	38851205	KCNJ4	0.96
chr22	38879444	38903665	DDX17	1.0
chr22	39101727	39134304	GTPBP1	0.97
chr22	40440820	40731812	TNRC6B	0.99
chr22	41347350	41369313	RBX1	0.99
chr22	41487789	41576081	EP300	1.0
chr22	41697525	41756151	ZC3H7B	0.99
chr22	41855720	41864729	PHF5A	0.97
chr22	42017122	42060044	XRCC6	0.99
chr22	42229108	42303312	SREBF2	0.95
chr22	45559721	45583896	NUP50	0.99
chr22	47158517	47571336	TBC1D22A	0.98
chr22	50166930	50221160	BRD1	0.97
chr22	50293876	50312106	ALG12	0.95
chr22	51039113	51052409	MAPK8IP2	1.0
